Question,Answer
Long answer questions:1. Explain the concept of supervised learning in machine learning and provide examples of algorithms used in this type of learning.,"Supervised learning is a type of machine learning where the model is trained on a labeled dataset, meaning that the input data is paired with the correct output. The goal of supervised learning is to learn a mapping function from input variables to output variables. This learned function can then be used to make predictions on new, unseen data.

Examples of algorithms used in supervised learning include:

1. **k-Nearest Neighbors (k-NN)**: This algorithm classifies a new data point based on the majority class of its k nearest neighbors in the feature space.

2. **Regression Models**: Regression algorithms predict a continuous output variable based on the input features. Examples include Linear Regression, Polynomial Regression, and Support Vector Regression.

3. **Naive Bayes Classifiers**: These classifiers are based on Bayes' theorem and assume that the presence of a particular feature in a class is independent of the presence of other features.

4. **Decision Trees**: Decision trees split the data into subsets based on the features and create a tree-like structure to make predictions.

5. **Ensembles of Decision Trees**: Algorithms like Random Forest and Gradient Boosting are ensemble methods that combine multiple decision trees to improve prediction accuracy.

6. **Kernelized Support Vector Machines (SVM)**: SVMs are used for both classification and regression tasks by finding the hyperplane that best separates the classes in the feature space.

7. **Uncertainty Estimates from Classifiers**: Some algorithms provide uncertainty estimates along with predictions, such as the probability of a certain class assignment.

In supervised learning, the model learns from the labeled data to make predictions on unseen data. The choice of algorithm depends on the nature of the problem, the size and quality of the data, and the desired outcome."
2. Discuss the difference between classification and regression in machine learning. Provide examples of each and explain how they are applied in real-world scenarios.,"Classification and regression are two fundamental types of supervised machine learning algorithms that serve different purposes in data analysis.

1. **Classification**:
   - **Definition**: Classification is a type of supervised learning algorithm where the target variable is categorical. The algorithm learns from the input data and assigns labels to new, unseen data based on the patterns it has learned during training.
   - **Example**: An example of classification is spam email detection. Given a dataset of emails labeled as spam or not spam, a classification algorithm can learn to predict whether a new email is spam or not based on its features.
   - **Real-world Application**: Classification is widely used in various fields like sentiment analysis in social media, disease diagnosis in healthcare, and fraud detection in finance.

2. **Regression**:
   - **Definition**: Regression is another type of supervised learning algorithm where the target variable is continuous. The algorithm learns the relationship between input variables and continuous output values to make predictions.
   - **Example**: Predicting house prices based on features like location, size, and number of bedrooms is a common regression problem. The algorithm learns from historical data to predict the price of a new house.
   - **Real-world Application**: Regression is applied in areas like stock price prediction, demand forecasting in retail, and temperature prediction in weather forecasting.

**Difference**:
- **Output**: Classification predicts discrete labels or categories, while regression predicts continuous values.
- **Target Variable**: Classification deals with categorical target variables, whereas regression deals with continuous target variables.
- **Evaluation**: Classification algorithms are evaluated using metrics like accuracy, precision, recall, and F1-score, while regression algorithms are evaluated using metrics like Mean Squared Error (MSE), Root Mean Squared Error (RMSE), and R-squared.

In summary, classification is used when the output is categorical, and the goal is to classify data into predefined classes. Regression, on the other hand, is used when the output is continuous, and the goal is to predict a numerical value. Both techniques are essential in machine learning and have diverse applications across various industries."
3. Describe the process of model evaluation in machine learning. Discuss the various metrics used to evaluate the performance of a model and how they are interpreted.,"In machine learning, model evaluation is a crucial step to assess the performance and effectiveness of a trained model. The process typically involves the following steps:

1. **Training and Testing Data:** The dataset is divided into training and testing sets. The model is trained on the training data and then tested on the unseen testing data to evaluate its performance.

2. **Metrics for Evaluation:** Various metrics are used to evaluate the model's performance. Some common metrics include:
   - **Accuracy:** The proportion of correctly classified instances.
   - **Precision:** The proportion of true positive predictions among all positive predictions.
   - **Recall (Sensitivity):** The proportion of true positive predictions among all actual positive instances.
   - **F1 Score:** The harmonic mean of precision and recall, providing a balance between the two.
   - **ROC Curve and AUC:** Receiver Operating Characteristic curve and Area Under the Curve, used for binary classification models.
   - **Confusion Matrix:** A table showing the true positives, true negatives, false positives, and false negatives.

3. **Interpretation of Metrics:** The interpretation of these metrics depends on the specific problem and the goals of the model:
   - **Accuracy:** High accuracy indicates the model's overall correctness, but it may not be suitable for imbalanced datasets.
   - **Precision and Recall:** Precision is important when false positives are costly, while recall is crucial when false negatives are critical.
   - **F1 Score:** It balances precision and recall, providing a single metric to evaluate the model's performance.
   - **ROC Curve and AUC:** AUC close to 1 indicates a good model, while the shape of the ROC curve shows the trade-off between true positive rate and false positive rate.

4. **Cross-Validation:** To ensure the model's generalizability, techniques like k-fold cross-validation are used to assess the model's performance on different subsets of the data.

5. **Hyperparameter Tuning:** Fine-tuning the model's hyperparameters using techniques like grid search to optimize its performance.

By evaluating a model using these metrics and techniques, data scientists can make informed decisions about the model's effectiveness and make improvements to enhance its performance."
4. Explain the concept of overfitting in machine learning. Discuss the causes of overfitting and methods to prevent it in model training.,"Overfitting in machine learning occurs when a model learns the details and noise in the training data to the extent that it negatively impacts the model's performance on new, unseen data. This means that the model performs well on the training data but poorly on test or validation data.

Causes of overfitting:
1. **Complexity of the Model**: Using a model that is too complex for the given data can lead to overfitting.
2. **Insufficient Data**: When the training data is limited, the model may try to fit noise in the data, leading to overfitting.
3. **Irrelevant Features**: Including irrelevant features in the model can also cause overfitting.
4. **Lack of Regularization**: Regularization techniques help prevent overfitting by adding a penalty for complexity to the model's loss function.

Methods to prevent overfitting:
1. **Cross-validation**: Use techniques like k-fold cross-validation to assess the model's performance on different subsets of the data.
2. **Feature Selection**: Choose only relevant features that contribute to the model's performance.
3. **Regularization**: Add regularization terms to the model's loss function to penalize complexity.
4. **Early Stopping**: Monitor the model's performance on a validation set during training and stop when the performance starts to degrade.
5. **Ensemble Methods**: Combine multiple models to reduce overfitting by averaging predictions.

By understanding the concept of overfitting and implementing these prevention methods, you can create more robust and generalizable machine learning models."
Short answer questions:1. What is the difference between precision and recall in machine learning?,"Precision and recall are two important metrics used in machine learning for evaluating the performance of classification models:

1. Precision: Precision is the ratio of correctly predicted positive observations to the total predicted positive observations. It measures the accuracy of the positive predictions made by the model. The formula for precision is: 
   Precision = True Positives / (True Positives + False Positives)

2. Recall: Recall, also known as sensitivity or true positive rate, is the ratio of correctly predicted positive observations to all actual positive observations. It measures the ability of the model to find all the positive samples. The formula for recall is:
   Recall = True Positives / (True Positives + False Negatives)

In summary, precision focuses on the accuracy of positive predictions, while recall focuses on the model's ability to find all positive instances."
2. Explain the bias-variance tradeoff in machine learning.,"The bias-variance tradeoff in machine learning refers to the balance between bias and variance in the predictive performance of a model. 

- **Bias**: Bias refers to the error introduced by approximating a real-world problem, which is often due to oversimplified assumptions made by the model. High bias can cause the model to underfit the data, meaning it fails to capture the underlying patterns in the data.

- **Variance**: Variance, on the other hand, refers to the model's sensitivity to the fluctuations in the training data. High variance can cause the model to overfit the data, meaning it performs well on the training data but fails to generalize to unseen data.

The tradeoff occurs because reducing bias often increases variance and vice versa. Finding the right balance is crucial for building a model that generalizes well to unseen data. Techniques like cross-validation, regularization, and ensemble methods are often used to manage the bias-variance tradeoff in machine learning models."
3. What is feature engineering and why is it important in machine learning?,"Feature engineering is the process of selecting, transforming, and creating new features from the raw data to improve the performance of machine learning models. It involves identifying the most relevant data attributes, combining features, handling missing data, scaling features, and more. Feature engineering is crucial in machine learning because the quality of the features used directly impacts the model's ability to learn and make accurate predictions. Well-engineered features can help the model better understand the underlying patterns in the data, leading to more accurate and robust predictions."
4. Discuss the role of cross-validation in model training and evaluation.,"Cross-validation is a crucial technique in model training and evaluation in machine learning. It helps in assessing how well a model generalizes to an independent dataset. Here's how cross-validation plays a role in model training and evaluation:

1. **Training Set Utilization**: Cross-validation allows for the maximum utilization of the available data. Instead of splitting the data into just a training and testing set once, cross-validation divides the data into multiple subsets. This ensures that each data point is used for both training and validation at some point.

2. **Model Performance Estimation**: By using cross-validation, you can get a more accurate estimate of how well your model will perform on unseen data. It helps in reducing the variance in the performance estimate that can occur when using a single train-test split.

3. **Hyperparameter Tuning**: Cross-validation is often used in hyperparameter tuning. By performing cross-validation with different hyperparameter values, you can select the best hyperparameters that result in the most optimal model performance.

4. **Bias-Variance Tradeoff**: Cross-validation helps in understanding the bias-variance tradeoff in the model. It provides insights into whether the model is underfitting or overfitting the data.

5. **Model Selection**: Cross-validation can be used to compare different models and select the best performing one. By evaluating multiple models using the same cross-validation setup, you can choose the model that generalizes the best.

In summary, cross-validation is essential for robust model training and evaluation as it provides a more accurate estimate of the model's performance, helps in hyperparameter tuning, and aids in selecting the best model for the given dataset."
5. What is the purpose of hyperparameter tuning in machine learning?,"The purpose of hyperparameter tuning in machine learning is to optimize the performance of a machine learning model by adjusting the hyperparameters. Hyperparameters are parameters that are set before the learning process begins, and tuning them involves finding the best combination of hyperparameters that result in the most accurate and efficient model for a specific problem. This process helps improve the model's predictive accuracy and generalization capabilities."
Fill in the blanks questions:1. The ____________ learning algorithm is used for clustering in unsupervised learning.,The K-means learning algorithm is used for clustering in unsupervised learning.
2. The process of transforming raw data into a format suitable for machine learning algorithms is known as ____________.,The process of transforming raw data into a format suitable for machine learning algorithms is known as **data preprocessing**.
3. The ____________ function is used to measure the error in regression models.,"The regression models use the ""Regression Testing"" function to measure the error."
"4. In decision trees, the nodes that do not split any further are called ____________ nodes.","In decision trees, the nodes that do not split any further are called ""leaf"" nodes."
5. The ____________ algorithm is commonly used for text classification tasks.,Naïve Bayes Classifier
6. The process of finding the best parameters for a machine learning model is known as ____________.,"The process of finding the best parameters for a machine learning model is known as ""Hyperparameter tuning."""
Multiple choice questions: 1. Which of the following is an example of a supervised learning algorithm? a) K-means clustering b) Decision tree c) Principal component analysis d) Apriori algorithm,b) Decision tree
2. What is the purpose of regularization in machine learning? a) To reduce bias in the model b) To reduce variance in the model c) To prevent overfitting d) To improve model performance,"c) To prevent overfitting

Regularization in machine learning is used to prevent overfitting, which occurs when a model learns the training data too well, including noise and outliers, and performs poorly on new, unseen data. Regularization techniques add a penalty term to the model's loss function to discourage overly complex models that fit the training data too closely. This helps in improving the model's generalization ability and prevents overfitting."
3. Which of the following is a commonly used evaluation metric for classification models? a) Mean squared error b) Accuracy c) R-squared d) Root mean squared error,b) Accuracy
4. Which of the following is an example of an ensemble learning technique? a) Support vector machine b) Random forest c) K-nearest neighbors d) Naive Bayes,b) Random forest
5. What is the purpose of feature scaling in machine learning? a) To standardize the range of features b) To reduce the dimensionality of the dataset c) To remove outliers from the data d) To improve model interpretability,"a) To standardize the range of features

Feature scaling in machine learning is primarily used to standardize the range of features, ensuring that all features contribute equally to the model training process. It helps in preventing certain features from dominating the model due to their larger scales, thus improving the model's performance and convergence."
